img_list,label
5362.nii.gz,0
1124.nii.gz,0
1122.nii.gz,0
1123.nii.gz,0
1121.nii.gz,0
985.nii.gz,0
986.nii.gz,0
864.nii.gz,0
869.nii.gz,0
868.nii.gz,0
862.nii.gz,0
865.nii.gz,0
861.nii.gz,0
1078.nii.gz,0
1077.nii.gz,0
1074.nii.gz,0
871.nii.gz,0
870.nii.gz,0
875.nii.gz,0
873.nii.gz,0
874.nii.gz,0
982.nii.gz,0
984.nii.gz,0
983.nii.gz,0
1008.nii.gz,0
1007.nii.gz,0
5440.nii.gz,0
5441.nii.gz,0
5354.nii.gz,0
1133.nii.gz,0
1136.nii.gz,0
1140.nii.gz,0
1132.nii.gz,0
1141.nii.gz,0
1135.nii.gz,0
1138.nii.gz,0
1134.nii.gz,0
1137.nii.gz,0
1139.nii.gz,0
1142.nii.gz,0
190.nii.gz,0
806.nii.gz,0
808.nii.gz,0
807.nii.gz,0
805.nii.gz,0
804.nii.gz,0
809.nii.gz,0
203.nii.gz,0
5346.nii.gz,0
1039.nii.gz,0
1038.nii.gz,0
1037.nii.gz,0
1040.nii.gz,0
1065.nii.gz,0
5375.nii.gz,0
5411.nii.gz,0
5412.nii.gz,0
820.nii.gz,0
822.nii.gz,0
821.nii.gz,0
819.nii.gz,0
818.nii.gz,0
816.nii.gz,0
817.nii.gz,0
189.nii.gz,0
990.nii.gz,0
989.nii.gz,0
5372.nii.gz,0
5374.nii.gz,0
250.nii.gz,0
1057.nii.gz,0
1056.nii.gz,0
214.nii.gz,0
248.nii.gz,0
792.nii.gz,0
789.nii.gz,0
790.nii.gz,0
788.nii.gz,0
791.nii.gz,0
787.nii.gz,0
824.nii.gz,0
825.nii.gz,0
823.nii.gz,0
826.nii.gz,0
192.nii.gz,0
5342.nii.gz,0
1010.nii.gz,0
1012.nii.gz,0
1009.nii.gz,0
1011.nii.gz,0
5348.nii.gz,0
216.nii.gz,0
5360.nii.gz,0
183.nii.gz,0
5416.nii.gz,0
781.nii.gz,0
779.nii.gz,0
778.nii.gz,0
780.nii.gz,0
5399.nii.gz,0
5353.nii.gz,0
212.nii.gz,0
961.nii.gz,0
964.nii.gz,0
962.nii.gz,0
963.nii.gz,0
222.nii.gz,0
1018.nii.gz,0
1017.nii.gz,0
233.nii.gz,0
5395.nii.gz,0
1058.nii.gz,0
1059.nii.gz,0
234.nii.gz,0
184.nii.gz,0
219.nii.gz,0
802.nii.gz,0
803.nii.gz,0
797.nii.gz,0
798.nii.gz,0
801.nii.gz,0
799.nii.gz,0
800.nii.gz,0
796.nii.gz,0
5398.nii.gz,0
1083.nii.gz,0
1082.nii.gz,0
1080.nii.gz,0
1079.nii.gz,0
1084.nii.gz,0
1081.nii.gz,0
5435.nii.gz,0
5429.nii.gz,0
5430.nii.gz,0
200.nii.gz,0
5345.nii.gz,0
841.nii.gz,0
844.nii.gz,0
842.nii.gz,0
843.nii.gz,0
839.nii.gz,0
840.nii.gz,0
211.nii.gz,0
1005.nii.gz,0
191.nii.gz,0
1013.nii.gz,0
1016.nii.gz,0
1015.nii.gz,0
1014.nii.gz,0
228.nii.gz,0
845.nii.gz,0
205.nii.gz,0
1043.nii.gz,0
1042.nii.gz,0
1044.nii.gz,0
1130.nii.gz,0
1131.nii.gz,0
245.nii.gz,0
5428.nii.gz,0
5394.nii.gz,0
978.nii.gz,0
977.nii.gz,0
180.nii.gz,0
5387.nii.gz,0
5370.nii.gz,0
5359.nii.gz,0
980.nii.gz,0
981.nii.gz,0
236.nii.gz,0
195.nii.gz,0
1006.nii.gz,0
5389.nii.gz,0
5376.nii.gz,0
207.nii.gz,0
836.nii.gz,0
837.nii.gz,0
838.nii.gz,0
833.nii.gz,0
834.nii.gz,0
835.nii.gz,0
5357.nii.gz,0
1089.nii.gz,0
1091.nii.gz,0
1087.nii.gz,0
1090.nii.gz,0
1088.nii.gz,0
1092.nii.gz,0
1086.nii.gz,0
5382.nii.gz,0
971.nii.gz,0
972.nii.gz,0
1022.nii.gz,0
1019.nii.gz,0
1021.nii.gz,0
1023.nii.gz,0
1020.nii.gz,0
227.nii.gz,0
201.nii.gz,0
5442.nii.gz,0
1002.nii.gz,0
1001.nii.gz,0
991.nii.gz,0
992.nii.gz,0
5377.nii.gz,0
239.nii.gz,0
958.nii.gz,0
957.nii.gz,0
187.nii.gz,0
232.nii.gz,0
786.nii.gz,0
784.nii.gz,0
782.nii.gz,0
785.nii.gz,0
783.nii.gz,0
220.nii.gz,0
5344.nii.gz,0
196.nii.gz,0
5426.nii.gz,0
5423.nii.gz,0
5427.nii.gz,0
5424.nii.gz,0
5454.nii.gz,0
5455.nii.gz,0
215.nii.gz,0
210.nii.gz,0
5450.nii.gz,0
5449.nii.gz,0
5452.nii.gz,0
5448.nii.gz,0
5451.nii.gz,0
5447.nii.gz,0
5437.nii.gz,0
5438.nii.gz,0
995.nii.gz,0
996.nii.gz,0
953.nii.gz,0
954.nii.gz,0
194.nii.gz,0
5432.nii.gz,0
5431.nii.gz,0
5366.nii.gz,0
1110.nii.gz,0
1109.nii.gz,0
832.nii.gz,0
830.nii.gz,0
831.nii.gz,0
827.nii.gz,0
828.nii.gz,0
829.nii.gz,0
847.nii.gz,0
857.nii.gz,0
858.nii.gz,0
848.nii.gz,0
853.nii.gz,0
852.nii.gz,0
206.nii.gz,0
218.nii.gz,0
5347.nii.gz,0
246.nii.gz,0
199.nii.gz,0
226.nii.gz,0
1028.nii.gz,0
1029.nii.gz,0
193.nii.gz,0
241.nii.gz,0
1085.nii.gz,0
213.nii.gz,0
1031.nii.gz,0
1030.nii.gz,0
5378.nii.gz,0
178.nii.gz,0
5397.nii.gz,0
5396.nii.gz,0
1063.nii.gz,0
1064.nii.gz,0
793.nii.gz,0
795.nii.gz,0
794.nii.gz,0
5365.nii.gz,0
5381.nii.gz,0
5363.nii.gz,0
1147.nii.gz,0
1148.nii.gz,0
224.nii.gz,0
186.nii.gz,0
229.nii.gz,0
878.nii.gz,0
877.nii.gz,0
880.nii.gz,0
879.nii.gz,0
1127.nii.gz,0
1129.nii.gz,0
1125.nii.gz,0
1128.nii.gz,0
1126.nii.gz,0
5392.nii.gz,0
1098.nii.gz,0
1100.nii.gz,0
1097.nii.gz,0
1099.nii.gz,0
5415.nii.gz,0
5371.nii.gz,0
5383.nii.gz,0
967.nii.gz,0
968.nii.gz,0
1071.nii.gz,0
1070.nii.gz,0
1072.nii.gz,0
1069.nii.gz,0
5436.nii.gz,0
1107.nii.gz,0
1108.nii.gz,0
1105.nii.gz,0
1106.nii.gz,0
979.nii.gz,0
810.nii.gz,0
811.nii.gz,0
1024.nii.gz,0
5459.nii.gz,0
1055.nii.gz,0
237.nii.gz,0
5361.nii.gz,0
5453.nii.gz,0
1025.nii.gz,0
182.nii.gz,0
5439.nii.gz,0
1151.nii.gz,0
1149.nii.gz,0
1150.nii.gz,0
208.nii.gz,0
5433.nii.gz,0
5400.nii.gz,0
5404.nii.gz,0
5401.nii.gz,0
1041.nii.gz,0
5393.nii.gz,0
1034.nii.gz,0
1032.nii.gz,0
1035.nii.gz,0
1036.nii.gz,0
1033.nii.gz,0
209.nii.gz,0
1154.nii.gz,0
1158.nii.gz,0
1156.nii.gz,0
1152.nii.gz,0
1159.nii.gz,0
1153.nii.gz,0
1163.nii.gz,0
1155.nii.gz,0
1157.nii.gz,0
1162.nii.gz,0
1161.nii.gz,0
1160.nii.gz,0
202.nii.gz,0
994.nii.gz,0
993.nii.gz,0
966.nii.gz,0
965.nii.gz,0
5358.nii.gz,0
5351.nii.gz,0
231.nii.gz,0
1054.nii.gz,0
1053.nii.gz,0
197.nii.gz,0
955.nii.gz,0
956.nii.gz,0
5364.nii.gz,0
221.nii.gz,0
5446.nii.gz,0
5445.nii.gz,0
5379.nii.gz,0
1026.nii.gz,0
1027.nii.gz,0
5369.nii.gz,0
5341.nii.gz,0
223.nii.gz,0
1104.nii.gz,0
1102.nii.gz,0
1103.nii.gz,0
1101.nii.gz,0
247.nii.gz,0
5391.nii.gz,0
5385.nii.gz,0
1000.nii.gz,0
999.nii.gz,0
998.nii.gz,0
997.nii.gz,0
5352.nii.gz,0
5386.nii.gz,0
959.nii.gz,0
960.nii.gz,0
5355.nii.gz,0
217.nii.gz,0
5456.nii.gz,0
5457.nii.gz,0
969.nii.gz,0
970.nii.gz,0
5367.nii.gz,0
5368.nii.gz,0
5384.nii.gz,0
5343.nii.gz,0
238.nii.gz,0
230.nii.gz,0
5373.nii.gz,0
198.nii.gz,0
5390.nii.gz,0
235.nii.gz,0
973.nii.gz,0
974.nii.gz,0
1004.nii.gz,0
1003.nii.gz,0
243.nii.gz,0
204.nii.gz,0
5406.nii.gz,0
225.nii.gz,0
5407.nii.gz,0
5408.nii.gz,0
188.nii.gz,0
5380.nii.gz,0
1120.nii.gz,0
1117.nii.gz,0
1119.nii.gz,0
1118.nii.gz,0
1115.nii.gz,0
1113.nii.gz,0
1111.nii.gz,0
1116.nii.gz,0
1112.nii.gz,0
1114.nii.gz,0
812.nii.gz,0
5356.nii.gz,0
5434.nii.gz,0
1145.nii.gz,0
1146.nii.gz,0
1144.nii.gz,0
1143.nii.gz,0
5349.nii.gz,0
5388.nii.gz,0
5418.nii.gz,0
5420.nii.gz,0
5421.nii.gz,0
5419.nii.gz,0
1094.nii.gz,0
1093.nii.gz,0
1096.nii.gz,0
1095.nii.gz,0
242.nii.gz,0
240.nii.gz,0
1060.nii.gz,0
1062.nii.gz,0
1061.nii.gz,0
1045.nii.gz,0
1048.nii.gz,0
1046.nii.gz,0
1049.nii.gz,0
1047.nii.gz,0
1051.nii.gz,0
1050.nii.gz,0
1052.nii.gz,0
5417.nii.gz,0
244.nii.gz,0
179.nii.gz,0
987.nii.gz,0
988.nii.gz,0
181.nii.gz,0
185.nii.gz,0
177.nii.gz,0
975.nii.gz,0
976.nii.gz,0
5458.nii.gz,0
5350.nii.gz,0
3387.nii.gz,1
3194.nii.gz,1
3192.nii.gz,1
3193.nii.gz,1
3792.nii.gz,1
3793.nii.gz,1
5706.nii.gz,1
2897.nii.gz,1
4211.nii.gz,1
4212.nii.gz,1
4210.nii.gz,1
5774.nii.gz,1
3696.nii.gz,1
3697.nii.gz,1
3695.nii.gz,1
3844.nii.gz,1
3843.nii.gz,1
3341.nii.gz,1
4056.nii.gz,1
4058.nii.gz,1
4057.nii.gz,1
3115.nii.gz,1
3739.nii.gz,1
3741.nii.gz,1
3740.nii.gz,1
4270.nii.gz,1
3095.nii.gz,1
5683.nii.gz,1
3127.nii.gz,1
3032.nii.gz,1
3813.nii.gz,1
3812.nii.gz,1
3405.nii.gz,1
3714.nii.gz,1
3715.nii.gz,1
3983.nii.gz,1
3984.nii.gz,1
3982.nii.gz,1
4306.nii.gz,1
3483.nii.gz,1
3289.nii.gz,1
3028.nii.gz,1
3053.nii.gz,1
5711.nii.gz,1
4168.nii.gz,1
3454.nii.gz,1
4348.nii.gz,1
5767.nii.gz,1
2949.nii.gz,1
3064.nii.gz,1
3485.nii.gz,1
4266.nii.gz,1
3314.nii.gz,1
3335.nii.gz,1
5700.nii.gz,1
5704.nii.gz,1
3395.nii.gz,1
4283.nii.gz,1
5728.nii.gz,1
2917.nii.gz,1
2915.nii.gz,1
2916.nii.gz,1
5742.nii.gz,1
3300.nii.gz,1
5709.nii.gz,1
3637.nii.gz,1
3639.nii.gz,1
3636.nii.gz,1
3635.nii.gz,1
3634.nii.gz,1
3638.nii.gz,1
3633.nii.gz,1
3632.nii.gz,1
3128.nii.gz,1
3129.nii.gz,1
3313.nii.gz,1
3798.nii.gz,1
3799.nii.gz,1
3797.nii.gz,1
4340.nii.gz,1
3062.nii.gz,1
3451.nii.gz,1
3597.nii.gz,1
3596.nii.gz,1
3908.nii.gz,1
3910.nii.gz,1
3909.nii.gz,1
3399.nii.gz,1
3958.nii.gz,1
3957.nii.gz,1
3959.nii.gz,1
3020.nii.gz,1
3877.nii.gz,1
3876.nii.gz,1
3509.nii.gz,1
4296.nii.gz,1
3796.nii.gz,1
3794.nii.gz,1
3795.nii.gz,1
3967.nii.gz,1
3968.nii.gz,1
3007.nii.gz,1
3355.nii.gz,1
5665.nii.gz,1
5666.nii.gz,1
5667.nii.gz,1
3458.nii.gz,1
3875.nii.gz,1
3874.nii.gz,1
5565.nii.gz,1
5562.nii.gz,1
2947.nii.gz,1
5593.nii.gz,1
5659.nii.gz,1
5716.nii.gz,1
3050.nii.gz,1
2954.nii.gz,1
3913.nii.gz,1
3912.nii.gz,1
3911.nii.gz,1
3676.nii.gz,1
3677.nii.gz,1
3461.nii.gz,1
2923.nii.gz,1
2924.nii.gz,1
3991.nii.gz,1
3071.nii.gz,1
3087.nii.gz,1
3932.nii.gz,1
3933.nii.gz,1
3073.nii.gz,1
3332.nii.gz,1
4286.nii.gz,1
3456.nii.gz,1
4146.nii.gz,1
4147.nii.gz,1
3120.nii.gz,1
3835.nii.gz,1
3833.nii.gz,1
3834.nii.gz,1
3826.nii.gz,1
3825.nii.gz,1
4268.nii.gz,1
3440.nii.gz,1
4100.nii.gz,1
4101.nii.gz,1
3731.nii.gz,1
3732.nii.gz,1
3735.nii.gz,1
3733.nii.gz,1
3734.nii.gz,1
4341.nii.gz,1
3927.nii.gz,1
3926.nii.gz,1
4200.nii.gz,1
4201.nii.gz,1
4202.nii.gz,1
4239.nii.gz,1
4240.nii.gz,1
4305.nii.gz,1
5739.nii.gz,1
3881.nii.gz,1
3882.nii.gz,1
5630.nii.gz,1
5631.nii.gz,1
5633.nii.gz,1
5632.nii.gz,1
4236.nii.gz,1
4234.nii.gz,1
4235.nii.gz,1
4072.nii.gz,1
4071.nii.gz,1
4073.nii.gz,1
3072.nii.gz,1
4019.nii.gz,1
4018.nii.gz,1
3751.nii.gz,1
3753.nii.gz,1
3752.nii.gz,1
3413.nii.gz,1
3306.nii.gz,1
3094.nii.gz,1
4080.nii.gz,1
4081.nii.gz,1
4082.nii.gz,1
5725.nii.gz,1
3060.nii.gz,1
4301.nii.gz,1
3363.nii.gz,1
3047.nii.gz,1
3125.nii.gz,1
4169.nii.gz,1
4170.nii.gz,1
3069.nii.gz,1
3106.nii.gz,1
3016.nii.gz,1
3956.nii.gz,1
3954.nii.gz,1
3955.nii.gz,1
3425.nii.gz,1
3729.nii.gz,1
3728.nii.gz,1
3730.nii.gz,1
5768.nii.gz,1
2887.nii.gz,1
3725.nii.gz,1
3724.nii.gz,1
3723.nii.gz,1
3514.nii.gz,1
3513.nii.gz,1
4289.nii.gz,1
2963.nii.gz,1
3315.nii.gz,1
4258.nii.gz,1
2999.nii.gz,1
4254.nii.gz,1
4255.nii.gz,1
3901.nii.gz,1
3900.nii.gz,1
3902.nii.gz,1
3481.nii.gz,1
3704.nii.gz,1
3703.nii.gz,1
3478.nii.gz,1
4035.nii.gz,1
4036.nii.gz,1
4300.nii.gz,1
3057.nii.gz,1
4107.nii.gz,1
3174.nii.gz,1
3283.nii.gz,1
5745.nii.gz,1
5598.nii.gz,1
3054.nii.gz,1
3408.nii.gz,1
3361.nii.gz,1
3043.nii.gz,1
3081.nii.gz,1
3089.nii.gz,1
4086.nii.gz,1
4088.nii.gz,1
4089.nii.gz,1
4087.nii.gz,1
4318.nii.gz,1
4292.nii.gz,1
4115.nii.gz,1
4116.nii.gz,1
4117.nii.gz,1
2979.nii.gz,1
4217.nii.gz,1
4218.nii.gz,1
3915.nii.gz,1
3914.nii.gz,1
3090.nii.gz,1
4229.nii.gz,1
4228.nii.gz,1
3030.nii.gz,1
4000.nii.gz,1
4001.nii.gz,1
3745.nii.gz,1
3779.nii.gz,1
3781.nii.gz,1
3780.nii.gz,1
3547.nii.gz,1
3550.nii.gz,1
3549.nii.gz,1
3545.nii.gz,1
3548.nii.gz,1
3546.nii.gz,1
4213.nii.gz,1
4214.nii.gz,1
5550.nii.gz,1
4145.nii.gz,1
4143.nii.gz,1
4144.nii.gz,1
4050.nii.gz,1
4051.nii.gz,1
4052.nii.gz,1
3296.nii.gz,1
5734.nii.gz,1
4016.nii.gz,1
4015.nii.gz,1
4017.nii.gz,1
3340.nii.gz,1
3288.nii.gz,1
5729.nii.gz,1
5696.nii.gz,1
3402.nii.gz,1
3428.nii.gz,1
3748.nii.gz,1
3749.nii.gz,1
3750.nii.gz,1
3369.nii.gz,1
3694.nii.gz,1
3693.nii.gz,1
3117.nii.gz,1
4349.nii.gz,1
5662.nii.gz,1
5653.nii.gz,1
5652.nii.gz,1
3722.nii.gz,1
3899.nii.gz,1
5753.nii.gz,1
3373.nii.gz,1
3533.nii.gz,1
3532.nii.gz,1
3531.nii.gz,1
3530.nii.gz,1
3345.nii.gz,1
3376.nii.gz,1
3713.nii.gz,1
3712.nii.gz,1
4079.nii.gz,1
4078.nii.gz,1
4077.nii.gz,1
3898.nii.gz,1
3897.nii.gz,1
3284.nii.gz,1
4310.nii.gz,1
4262.nii.gz,1
4003.nii.gz,1
4002.nii.gz,1
4004.nii.gz,1
4238.nii.gz,1
4237.nii.gz,1
4299.nii.gz,1
4303.nii.gz,1
5635.nii.gz,1
5634.nii.gz,1
2958.nii.gz,1
3863.nii.gz,1
3862.nii.gz,1
3864.nii.gz,1
3038.nii.gz,1
3889.nii.gz,1
3890.nii.gz,1
3651.nii.gz,1
3652.nii.gz,1
3121.nii.gz,1
3122.nii.gz,1
3674.nii.gz,1
3675.nii.gz,1
3317.nii.gz,1
3460.nii.gz,1
2982.nii.gz,1
3935.nii.gz,1
3934.nii.gz,1
4314.nii.gz,1
5674.nii.gz,1
5673.nii.gz,1
5675.nii.gz,1
3000.nii.gz,1
3593.nii.gz,1
3591.nii.gz,1
3592.nii.gz,1
3590.nii.gz,1
4293.nii.gz,1
3123.nii.gz,1
5752.nii.gz,1
5679.nii.gz,1
4197.nii.gz,1
4199.nii.gz,1
4198.nii.gz,1
2970.nii.gz,1
3878.nii.gz,1
3879.nii.gz,1
3880.nii.gz,1
4355.nii.gz,1
2892.nii.gz,1
2891.nii.gz,1
4221.nii.gz,1
4222.nii.gz,1
3338.nii.gz,1
5694.nii.gz,1
3512.nii.gz,1
3511.nii.gz,1
3988.nii.gz,1
3990.nii.gz,1
3989.nii.gz,1
3384.nii.gz,1
3476.nii.gz,1
3063.nii.gz,1
2971.nii.gz,1
3045.nii.gz,1
4250.nii.gz,1
4251.nii.gz,1
3403.nii.gz,1
3446.nii.gz,1
5605.nii.gz,1
3377.nii.gz,1
5722.nii.gz,1
2926.nii.gz,1
2925.nii.gz,1
3415.nii.gz,1
4010.nii.gz,1
4009.nii.gz,1
5640.nii.gz,1
5639.nii.gz,1
5638.nii.gz,1
3379.nii.gz,1
2907.nii.gz,1
2906.nii.gz,1
4271.nii.gz,1
5730.nii.gz,1
3099.nii.gz,1
3668.nii.gz,1
3667.nii.gz,1
3669.nii.gz,1
5762.nii.gz,1
3365.nii.gz,1
3891.nii.gz,1
3893.nii.gz,1
3892.nii.gz,1
3033.nii.gz,1
4031.nii.gz,1
4032.nii.gz,1
3178.nii.gz,1
3180.nii.gz,1
3181.nii.gz,1
3177.nii.gz,1
3176.nii.gz,1
3179.nii.gz,1
3348.nii.gz,1
3477.nii.gz,1
3339.nii.gz,1
5568.nii.gz,1
3940.nii.gz,1
3941.nii.gz,1
3287.nii.gz,1
4353.nii.gz,1
3929.nii.gz,1
3928.nii.gz,1
3325.nii.gz,1
5751.nii.gz,1
3031.nii.gz,1
3309.nii.gz,1
5670.nii.gz,1
4267.nii.gz,1
3464.nii.gz,1
5744.nii.gz,1
3801.nii.gz,1
3800.nii.gz,1
4154.nii.gz,1
4152.nii.gz,1
4153.nii.gz,1
5682.nii.gz,1
5702.nii.gz,1
3351.nii.gz,1
3080.nii.gz,1
2962.nii.gz,1
3418.nii.gz,1
5761.nii.gz,1
4291.nii.gz,1
5564.nii.gz,1
3001.nii.gz,1
2901.nii.gz,1
2902.nii.gz,1
2903.nii.gz,1
4263.nii.gz,1
4053.nii.gz,1
4054.nii.gz,1
4055.nii.gz,1
4312.nii.gz,1
3917.nii.gz,1
3916.nii.gz,1
3918.nii.gz,1
3052.nii.gz,1
3312.nii.gz,1
5684.nii.gz,1
3939.nii.gz,1
3938.nii.gz,1
3895.nii.gz,1
3894.nii.gz,1
3896.nii.gz,1
4278.nii.gz,1
3368.nii.gz,1
4331.nii.gz,1
3331.nii.gz,1
3320.nii.gz,1
5760.nii.gz,1
3026.nii.gz,1
5552.nii.gz,1
5551.nii.gz,1
3858.nii.gz,1
3859.nii.gz,1
4352.nii.gz,1
3436.nii.gz,1
5688.nii.gz,1
3686.nii.gz,1
3687.nii.gz,1
4042.nii.gz,1
4043.nii.gz,1
3923.nii.gz,1
3925.nii.gz,1
3924.nii.gz,1
3986.nii.gz,1
3987.nii.gz,1
3985.nii.gz,1
4151.nii.gz,1
4150.nii.gz,1
4163.nii.gz,1
4164.nii.gz,1
4125.nii.gz,1
4126.nii.gz,1
2973.nii.gz,1
2967.nii.gz,1
4295.nii.gz,1
3005.nii.gz,1
4261.nii.gz,1
5703.nii.gz,1
5775.nii.gz,1
3442.nii.gz,1
3321.nii.gz,1
3417.nii.gz,1
3473.nii.gz,1
4176.nii.gz,1
4177.nii.gz,1
3804.nii.gz,1
3805.nii.gz,1
4324.nii.gz,1
5567.nii.gz,1
3406.nii.gz,1
3921.nii.gz,1
3922.nii.gz,1
3705.nii.gz,1
3706.nii.gz,1
5695.nii.gz,1
4311.nii.gz,1
3068.nii.gz,1
3318.nii.gz,1
4123.nii.gz,1
4124.nii.gz,1
4049.nii.gz,1
4048.nii.gz,1
4047.nii.gz,1
3671.nii.gz,1
3672.nii.gz,1
3670.nii.gz,1
3219.nii.gz,1
4241.nii.gz,1
4242.nii.gz,1
5732.nii.gz,1
2972.nii.gz,1
3294.nii.gz,1
3040.nii.gz,1
5763.nii.gz,1
3303.nii.gz,1
5680.nii.gz,1
5705.nii.gz,1
2974.nii.gz,1
4122.nii.gz,1
4121.nii.gz,1
3075.nii.gz,1
4326.nii.gz,1
3326.nii.gz,1
5690.nii.gz,1
4244.nii.gz,1
4243.nii.gz,1
5717.nii.gz,1
3465.nii.gz,1
4319.nii.gz,1
4065.nii.gz,1
4064.nii.gz,1
4066.nii.gz,1
3815.nii.gz,1
3817.nii.gz,1
3816.nii.gz,1
4097.nii.gz,1
4098.nii.gz,1
3336.nii.gz,1
3088.nii.gz,1
3789.nii.gz,1
3788.nii.gz,1
3330.nii.gz,1
5741.nii.gz,1
3421.nii.gz,1
3105.nii.gz,1
3431.nii.gz,1
2995.nii.gz,1
3046.nii.gz,1
4302.nii.gz,1
3091.nii.gz,1
4141.nii.gz,1
4142.nii.gz,1
3116.nii.gz,1
3334.nii.gz,1
3772.nii.gz,1
3773.nii.gz,1
3971.nii.gz,1
3972.nii.gz,1
3828.nii.gz,1
3827.nii.gz,1
3439.nii.gz,1
3849.nii.gz,1
3850.nii.gz,1
3199.nii.gz,1
3202.nii.gz,1
3196.nii.gz,1
3198.nii.gz,1
3197.nii.gz,1
3203.nii.gz,1
3201.nii.gz,1
3200.nii.gz,1
3484.nii.gz,1
3980.nii.gz,1
3981.nii.gz,1
3979.nii.gz,1
5660.nii.gz,1
5661.nii.gz,1
5743.nii.gz,1
3467.nii.gz,1
5720.nii.gz,1
3110.nii.gz,1
3108.nii.gz,1
3109.nii.gz,1
3111.nii.gz,1
3124.nii.gz,1
4256.nii.gz,1
4264.nii.gz,1
4328.nii.gz,1
3719.nii.gz,1
3718.nii.gz,1
3441.nii.gz,1
3552.nii.gz,1
3551.nii.gz,1
3324.nii.gz,1
5779.nii.gz,1
2945.nii.gz,1
3856.nii.gz,1
3857.nii.gz,1
3286.nii.gz,1
5689.nii.gz,1
5701.nii.gz,1
2994.nii.gz,1
3388.nii.gz,1
4249.nii.gz,1
4248.nii.gz,1
2964.nii.gz,1
5727.nii.gz,1
5651.nii.gz,1
5649.nii.gz,1
5650.nii.gz,1
3187.nii.gz,1
3190.nii.gz,1
3186.nii.gz,1
3188.nii.gz,1
3189.nii.gz,1
3191.nii.gz,1
3758.nii.gz,1
3759.nii.gz,1
3760.nii.gz,1
4062.nii.gz,1
4063.nii.gz,1
4061.nii.gz,1
3814.nii.gz,1
3097.nii.gz,1
4090.nii.gz,1
4091.nii.gz,1
3936.nii.gz,1
3937.nii.gz,1
3437.nii.gz,1
3520.nii.gz,1
3521.nii.gz,1
3518.nii.gz,1
3519.nii.gz,1
4103.nii.gz,1
4102.nii.gz,1
3029.nii.gz,1
2930.nii.gz,1
3392.nii.gz,1
3036.nii.gz,1
3085.nii.gz,1
3682.nii.gz,1
3683.nii.gz,1
3389.nii.gz,1
3337.nii.gz,1
5776.nii.gz,1
3370.nii.gz,1
3438.nii.gz,1
4069.nii.gz,1
4068.nii.gz,1
4067.nii.gz,1
4070.nii.gz,1
5733.nii.gz,1
4171.nii.gz,1
4172.nii.gz,1
3172.nii.gz,1
3170.nii.gz,1
3173.nii.gz,1
3171.nii.gz,1
2927.nii.gz,1
4346.nii.gz,1
3975.nii.gz,1
3976.nii.gz,1
3165.nii.gz,1
3163.nii.gz,1
3166.nii.gz,1
3164.nii.gz,1
3161.nii.gz,1
3162.nii.gz,1
3167.nii.gz,1
3056.nii.gz,1
5663.nii.gz,1
3594.nii.gz,1
3595.nii.gz,1
5726.nii.gz,1
3841.nii.gz,1
3840.nii.gz,1
3842.nii.gz,1
3839.nii.gz,1
5656.nii.gz,1
5657.nii.gz,1
3701.nii.gz,1
3702.nii.gz,1
5590.nii.gz,1
2937.nii.gz,1
3378.nii.gz,1
5600.nii.gz,1
3049.nii.gz,1
3424.nii.gz,1
3195.nii.gz,1
4155.nii.gz,1
4156.nii.gz,1
3206.nii.gz,1
3204.nii.gz,1
3207.nii.gz,1
3205.nii.gz,1
4179.nii.gz,1
4178.nii.gz,1
3540.nii.gz,1
3541.nii.gz,1
3542.nii.gz,1
3543.nii.gz,1
3544.nii.gz,1
3605.nii.gz,1
3602.nii.gz,1
3603.nii.gz,1
3604.nii.gz,1
3645.nii.gz,1
3647.nii.gz,1
3648.nii.gz,1
3646.nii.gz,1
5766.nii.gz,1
2893.nii.gz,1
3012.nii.gz,1
3102.nii.gz,1
2922.nii.gz,1
4206.nii.gz,1
4207.nii.gz,1
4252.nii.gz,1
4253.nii.gz,1
4195.nii.gz,1
4194.nii.gz,1
4196.nii.gz,1
5693.nii.gz,1
3019.nii.gz,1
3076.nii.gz,1
4022.nii.gz,1
4023.nii.gz,1
5681.nii.gz,1
4329.nii.gz,1
3381.nii.gz,1
3469.nii.gz,1
3479.nii.gz,1
4313.nii.gz,1
4012.nii.gz,1
4011.nii.gz,1
4269.nii.gz,1
3787.nii.gz,1
3786.nii.gz,1
3785.nii.gz,1
5735.nii.gz,1
2899.nii.gz,1
2900.nii.gz,1
2898.nii.gz,1
5770.nii.gz,1
3144.nii.gz,1
3143.nii.gz,1
3147.nii.gz,1
3146.nii.gz,1
3145.nii.gz,1
4183.nii.gz,1
4184.nii.gz,1
4182.nii.gz,1
3070.nii.gz,1
3854.nii.gz,1
3855.nii.gz,1
3035.nii.gz,1
5596.nii.gz,1
2921.nii.gz,1
2920.nii.gz,1
3430.nii.gz,1
3051.nii.gz,1
4138.nii.gz,1
4139.nii.gz,1
4140.nii.gz,1
3362.nii.gz,1
3223.nii.gz,1
3220.nii.gz,1
3222.nii.gz,1
3221.nii.gz,1
5740.nii.gz,1
3298.nii.gz,1
5654.nii.gz,1
5655.nii.gz,1
3997.nii.gz,1
3995.nii.gz,1
3996.nii.gz,1
5747.nii.gz,1
3416.nii.gz,1
4259.nii.gz,1
4320.nii.gz,1
4165.nii.gz,1
4166.nii.gz,1
4167.nii.gz,1
3343.nii.gz,1
4336.nii.gz,1
5697.nii.gz,1
4029.nii.gz,1
4030.nii.gz,1
3944.nii.gz,1
3945.nii.gz,1
3504.nii.gz,1
4160.nii.gz,1
4161.nii.gz,1
4162.nii.gz,1
2984.nii.gz,1
4277.nii.gz,1
4288.nii.gz,1
4294.nii.gz,1
3811.nii.gz,1
3810.nii.gz,1
5778.nii.gz,1
2968.nii.gz,1
3101.nii.gz,1
3118.nii.gz,1
3119.nii.gz,1
3665.nii.gz,1
3666.nii.gz,1
5603.nii.gz,1
5602.nii.gz,1
4321.nii.gz,1
3422.nii.gz,1
2998.nii.gz,1
3510.nii.gz,1
3873.nii.gz,1
3872.nii.gz,1
2965.nii.gz,1
5566.nii.gz,1
5641.nii.gz,1
3400.nii.gz,1
3763.nii.gz,1
3761.nii.gz,1
3762.nii.gz,1
3764.nii.gz,1
3766.nii.gz,1
3765.nii.gz,1
3024.nii.gz,1
5698.nii.gz,1
3905.nii.gz,1
3906.nii.gz,1
3350.nii.gz,1
5646.nii.gz,1
3716.nii.gz,1
3717.nii.gz,1
5764.nii.gz,1
4351.nii.gz,1
3658.nii.gz,1
3659.nii.gz,1
5699.nii.gz,1
3258.nii.gz,1
3255.nii.gz,1
3254.nii.gz,1
3252.nii.gz,1
3259.nii.gz,1
3251.nii.gz,1
3253.nii.gz,1
3250.nii.gz,1
3257.nii.gz,1
3256.nii.gz,1
3589.nii.gz,1
3588.nii.gz,1
3358.nii.gz,1
3209.nii.gz,1
3208.nii.gz,1
4174.nii.gz,1
4175.nii.gz,1
4173.nii.gz,1
4247.nii.gz,1
4245.nii.gz,1
4246.nii.gz,1
3067.nii.gz,1
3311.nii.gz,1
3427.nii.gz,1
3746.nii.gz,1
5750.nii.gz,1
3386.nii.gz,1
3055.nii.gz,1
4284.nii.gz,1
5686.nii.gz,1
3515.nii.gz,1
5591.nii.gz,1
3042.nii.gz,1
3301.nii.gz,1
4099.nii.gz,1
3364.nii.gz,1
3322.nii.gz,1
3390.nii.gz,1
3299.nii.gz,1
3305.nii.gz,1
3352.nii.gz,1
3382.nii.gz,1
3074.nii.gz,1
3457.nii.gz,1
3044.nii.gz,1
3247.nii.gz,1
3248.nii.gz,1
3246.nii.gz,1
5658.nii.gz,1
3643.nii.gz,1
3642.nii.gz,1
3644.nii.gz,1
3883.nii.gz,1
3884.nii.gz,1
5736.nii.gz,1
5723.nii.gz,1
4128.nii.gz,1
4127.nii.gz,1
5719.nii.gz,1
3860.nii.gz,1
3861.nii.gz,1
4157.nii.gz,1
4159.nii.gz,1
4158.nii.gz,1
3347.nii.gz,1
3404.nii.gz,1
5687.nii.gz,1
5756.nii.gz,1
2976.nii.gz,1
3447.nii.gz,1
3017.nii.gz,1
2940.nii.gz,1
5738.nii.gz,1
3360.nii.gz,1
3308.nii.gz,1
3148.nii.gz,1
3149.nii.gz,1
3150.nii.gz,1
3151.nii.gz,1
2993.nii.gz,1
3380.nii.gz,1
4094.nii.gz,1
4093.nii.gz,1
4092.nii.gz,1
5629.nii.gz,1
5628.nii.gz,1
5708.nii.gz,1
4188.nii.gz,1
4190.nii.gz,1
4189.nii.gz,1
5754.nii.gz,1
3023.nii.gz,1
3584.nii.gz,1
3583.nii.gz,1
3580.nii.gz,1
3585.nii.gz,1
3587.nii.gz,1
3586.nii.gz,1
3581.nii.gz,1
3579.nii.gz,1
3582.nii.gz,1
4304.nii.gz,1
3690.nii.gz,1
3692.nii.gz,1
3691.nii.gz,1
3756.nii.gz,1
3757.nii.gz,1
3523.nii.gz,1
3529.nii.gz,1
3524.nii.gz,1
3527.nii.gz,1
3526.nii.gz,1
3522.nii.gz,1
3528.nii.gz,1
3525.nii.gz,1
3103.nii.gz,1
3742.nii.gz,1
3744.nii.gz,1
3743.nii.gz,1
2983.nii.gz,1
3342.nii.gz,1
3113.nii.gz,1
3114.nii.gz,1
3126.nii.gz,1
4354.nii.gz,1
3098.nii.gz,1
3065.nii.gz,1
5772.nii.gz,1
4130.nii.gz,1
4129.nii.gz,1
3663.nii.gz,1
3664.nii.gz,1
3160.nii.gz,1
3155.nii.gz,1
3157.nii.gz,1
3154.nii.gz,1
3159.nii.gz,1
3152.nii.gz,1
3158.nii.gz,1
3156.nii.gz,1
3153.nii.gz,1
5595.nii.gz,1
4038.nii.gz,1
4037.nii.gz,1
3609.nii.gz,1
3615.nii.gz,1
3630.nii.gz,1
3613.nii.gz,1
3622.nii.gz,1
3625.nii.gz,1
3620.nii.gz,1
3611.nii.gz,1
3626.nii.gz,1
3608.nii.gz,1
3610.nii.gz,1
3629.nii.gz,1
3616.nii.gz,1
3623.nii.gz,1
3631.nii.gz,1
3612.nii.gz,1
3619.nii.gz,1
3628.nii.gz,1
3621.nii.gz,1
3624.nii.gz,1
3614.nii.gz,1
3617.nii.gz,1
3618.nii.gz,1
3606.nii.gz,1
3627.nii.gz,1
3607.nii.gz,1
4330.nii.gz,1
4337.nii.gz,1
3010.nii.gz,1
2951.nii.gz,1
5599.nii.gz,1
3784.nii.gz,1
3782.nii.gz,1
3783.nii.gz,1
3962.nii.gz,1
3961.nii.gz,1
3960.nii.gz,1
4281.nii.gz,1
4347.nii.gz,1
3349.nii.gz,1
3866.nii.gz,1
3867.nii.gz,1
3865.nii.gz,1
3449.nii.gz,1
4338.nii.gz,1
3107.nii.gz,1
3823.nii.gz,1
3824.nii.gz,1
3356.nii.gz,1
5757.nii.gz,1
3175.nii.gz,1
3292.nii.gz,1
3726.nii.gz,1
3727.nii.gz,1
4298.nii.gz,1
2955.nii.gz,1
3407.nii.gz,1
4308.nii.gz,1
3747.nii.gz,1
4287.nii.gz,1
5546.nii.gz,1
5545.nii.gz,1
5543.nii.gz,1
5544.nii.gz,1
3452.nii.gz,1
5645.nii.gz,1
3409.nii.gz,1
3689.nii.gz,1
3688.nii.gz,1
4334.nii.gz,1
3468.nii.gz,1
3290.nii.gz,1
2959.nii.gz,1
4344.nii.gz,1
3285.nii.gz,1
3475.nii.gz,1
3058.nii.gz,1
2953.nii.gz,1
3948.nii.gz,1
3949.nii.gz,1
3950.nii.gz,1
3401.nii.gz,1
3470.nii.gz,1
3771.nii.gz,1
3770.nii.gz,1
2961.nii.gz,1
3037.nii.gz,1
3048.nii.gz,1
3774.nii.gz,1
3775.nii.gz,1
3391.nii.gz,1
3327.nii.gz,1
5668.nii.gz,1
5669.nii.gz,1
3014.nii.gz,1
3310.nii.gz,1
3472.nii.gz,1
3820.nii.gz,1
3819.nii.gz,1
3818.nii.gz,1
3359.nii.gz,1
3375.nii.gz,1
3462.nii.gz,1
2980.nii.gz,1
4227.nii.gz,1
4226.nii.gz,1
4332.nii.gz,1
3323.nii.gz,1
2948.nii.gz,1
3487.nii.gz,1
3328.nii.gz,1
5589.nii.gz,1
3847.nii.gz,1
3848.nii.gz,1
3304.nii.gz,1
4215.nii.gz,1
4216.nii.gz,1
4044.nii.gz,1
4045.nii.gz,1
4046.nii.gz,1
2894.nii.gz,1
5563.nii.gz,1
4085.nii.gz,1
4084.nii.gz,1
4083.nii.gz,1
3034.nii.gz,1
5643.nii.gz,1
5644.nii.gz,1
5597.nii.gz,1
3433.nii.gz,1
3100.nii.gz,1
2966.nii.gz,1
4007.nii.gz,1
4008.nii.gz,1
4317.nii.gz,1
3210.nii.gz,1
3212.nii.gz,1
3211.nii.gz,1
3213.nii.gz,1
3491.nii.gz,1
3497.nii.gz,1
3492.nii.gz,1
3488.nii.gz,1
3498.nii.gz,1
3495.nii.gz,1
3501.nii.gz,1
3489.nii.gz,1
3502.nii.gz,1
3500.nii.gz,1
3490.nii.gz,1
3496.nii.gz,1
3494.nii.gz,1
3493.nii.gz,1
3499.nii.gz,1
4232.nii.gz,1
4233.nii.gz,1
4027.nii.gz,1
4026.nii.gz,1
4028.nii.gz,1
4280.nii.gz,1
3410.nii.gz,1
3006.nii.gz,1
2918.nii.gz,1
2919.nii.gz,1
3654.nii.gz,1
3653.nii.gz,1
5691.nii.gz,1
3295.nii.gz,1
3398.nii.gz,1
3455.nii.gz,1
5713.nii.gz,1
3414.nii.gz,1
3383.nii.gz,1
4327.nii.gz,1
3366.nii.gz,1
3444.nii.gz,1
4297.nii.gz,1
3022.nii.gz,1
4342.nii.gz,1
3021.nii.gz,1
3396.nii.gz,1
3852.nii.gz,1
3853.nii.gz,1
3851.nii.gz,1
2904.nii.gz,1
5765.nii.gz,1
4208.nii.gz,1
4209.nii.gz,1
5737.nii.gz,1
3474.nii.gz,1
5707.nii.gz,1
4316.nii.gz,1
4041.nii.gz,1
4039.nii.gz,1
4040.nii.gz,1
2950.nii.gz,1
3432.nii.gz,1
3655.nii.gz,1
3657.nii.gz,1
3656.nii.gz,1
3503.nii.gz,1
3943.nii.gz,1
3942.nii.gz,1
3450.nii.gz,1
3806.nii.gz,1
3807.nii.gz,1
3346.nii.gz,1
4335.nii.gz,1
4345.nii.gz,1
3027.nii.gz,1
3059.nii.gz,1
4260.nii.gz,1
3838.nii.gz,1
3837.nii.gz,1
3836.nii.gz,1
3096.nii.gz,1
5672.nii.gz,1
5671.nii.gz,1
3537.nii.gz,1
3538.nii.gz,1
3535.nii.gz,1
3536.nii.gz,1
3534.nii.gz,1
3539.nii.gz,1
3846.nii.gz,1
3845.nii.gz,1
3952.nii.gz,1
3953.nii.gz,1
3951.nii.gz,1
5759.nii.gz,1
3790.nii.gz,1
3791.nii.gz,1
4230.nii.gz,1
4231.nii.gz,1
5685.nii.gz,1
3329.nii.gz,1
3353.nii.gz,1
3776.nii.gz,1
3777.nii.gz,1
3778.nii.gz,1
5664.nii.gz,1
3640.nii.gz,1
3641.nii.gz,1
5746.nii.gz,1
3471.nii.gz,1
5724.nii.gz,1
3738.nii.gz,1
3737.nii.gz,1
3736.nii.gz,1
5731.nii.gz,1
3886.nii.gz,1
3885.nii.gz,1
3700.nii.gz,1
3699.nii.gz,1
3698.nii.gz,1
3947.nii.gz,1
3946.nii.gz,1
4273.nii.gz,1
5714.nii.gz,1
2987.nii.gz,1
3480.nii.gz,1
4108.nii.gz,1
4110.nii.gz,1
4109.nii.gz,1
3707.nii.gz,1
3708.nii.gz,1
3420.nii.gz,1
4020.nii.gz,1
4021.nii.gz,1
5773.nii.gz,1
3557.nii.gz,1
3564.nii.gz,1
3562.nii.gz,1
3554.nii.gz,1
3566.nii.gz,1
3559.nii.gz,1
3553.nii.gz,1
3558.nii.gz,1
3565.nii.gz,1
3555.nii.gz,1
3563.nii.gz,1
3560.nii.gz,1
3556.nii.gz,1
3561.nii.gz,1
5715.nii.gz,1
3803.nii.gz,1
3802.nii.gz,1
5604.nii.gz,1
4136.nii.gz,1
4137.nii.gz,1
4114.nii.gz,1
4113.nii.gz,1
3423.nii.gz,1
3084.nii.gz,1
2946.nii.gz,1
3999.nii.gz,1
3998.nii.gz,1
4134.nii.gz,1
4135.nii.gz,1
3307.nii.gz,1
3681.nii.gz,1
3680.nii.gz,1
3977.nii.gz,1
3978.nii.gz,1
3505.nii.gz,1
3507.nii.gz,1
3506.nii.gz,1
3508.nii.gz,1
3015.nii.gz,1
3002.nii.gz,1
4279.nii.gz,1
5749.nii.gz,1
5542.nii.gz,1
3061.nii.gz,1
3601.nii.gz,1
3600.nii.gz,1
3599.nii.gz,1
3598.nii.gz,1
5710.nii.gz,1
3316.nii.gz,1
3357.nii.gz,1
4309.nii.gz,1
3104.nii.gz,1
2960.nii.gz,1
2988.nii.gz,1
4350.nii.gz,1
3486.nii.gz,1
3445.nii.gz,1
2997.nii.gz,1
4343.nii.gz,1
3039.nii.gz,1
3482.nii.gz,1
3831.nii.gz,1
3832.nii.gz,1
3083.nii.gz,1
5636.nii.gz,1
5637.nii.gz,1
2992.nii.gz,1
2986.nii.gz,1
2909.nii.gz,1
5769.nii.gz,1
5758.nii.gz,1
4276.nii.gz,1
5692.nii.gz,1
5718.nii.gz,1
3459.nii.gz,1
4272.nii.gz,1
3130.nii.gz,1
5755.nii.gz,1
4185.nii.gz,1
4186.nii.gz,1
4187.nii.gz,1
4059.nii.gz,1
4060.nii.gz,1
3302.nii.gz,1
3466.nii.gz,1
3066.nii.gz,1
3183.nii.gz,1
3184.nii.gz,1
3185.nii.gz,1
3182.nii.gz,1
4034.nii.gz,1
4033.nii.gz,1
3004.nii.gz,1
3684.nii.gz,1
3685.nii.gz,1
3720.nii.gz,1
3721.nii.gz,1
4274.nii.gz,1
3093.nii.gz,1
4325.nii.gz,1
5721.nii.gz,1
3082.nii.gz,1
3709.nii.gz,1
3711.nii.gz,1
3710.nii.gz,1
3678.nii.gz,1
3679.nii.gz,1
3134.nii.gz,1
3132.nii.gz,1
3137.nii.gz,1
3131.nii.gz,1
3140.nii.gz,1
3133.nii.gz,1
3138.nii.gz,1
3135.nii.gz,1
3136.nii.gz,1
3139.nii.gz,1
3888.nii.gz,1
3887.nii.gz,1
3649.nii.gz,1
3650.nii.gz,1
3419.nii.gz,1
4265.nii.gz,1
4076.nii.gz,1
4075.nii.gz,1
4074.nii.gz,1
3808.nii.gz,1
3809.nii.gz,1
3372.nii.gz,1
2936.nii.gz,1
2935.nii.gz,1
4006.nii.gz,1
4005.nii.gz,1
3367.nii.gz,1
3086.nii.gz,1
3393.nii.gz,1
2985.nii.gz,1
3293.nii.gz,1
3169.nii.gz,1
3168.nii.gz,1
3397.nii.gz,1
3993.nii.gz,1
3992.nii.gz,1
3994.nii.gz,1
4339.nii.gz,1
4333.nii.gz,1
3297.nii.gz,1
4106.nii.gz,1
4104.nii.gz,1
4105.nii.gz,1
4290.nii.gz,1
3371.nii.gz,1
4275.nii.gz,1
3463.nii.gz,1
3216.nii.gz,1
5777.nii.gz,1
3385.nii.gz,1
4133.nii.gz,1
4131.nii.gz,1
4132.nii.gz,1
2981.nii.gz,1
4120.nii.gz,1
4119.nii.gz,1
4118.nii.gz,1
3569.nii.gz,1
3577.nii.gz,1
3573.nii.gz,1
3570.nii.gz,1
3568.nii.gz,1
3575.nii.gz,1
3578.nii.gz,1
3571.nii.gz,1
3574.nii.gz,1
3576.nii.gz,1
2941.nii.gz,1
3768.nii.gz,1
3767.nii.gz,1
3769.nii.gz,1
5541.nii.gz,1
3291.nii.gz,1
3426.nii.gz,1
3429.nii.gz,1
2969.nii.gz,1
5642.nii.gz,1
3412.nii.gz,1
2957.nii.gz,1
4203.nii.gz,1
4205.nii.gz,1
4204.nii.gz,1
2952.nii.gz,1
2929.nii.gz,1
2928.nii.gz,1
2977.nii.gz,1
5547.nii.gz,1
4148.nii.gz,1
4149.nii.gz,1
3434.nii.gz,1
3411.nii.gz,1
3333.nii.gz,1
5540.nii.gz,1
5648.nii.gz,1
5647.nii.gz,1
4285.nii.gz,1
4315.nii.gz,1
3112.nii.gz,1
3374.nii.gz,1
3077.nii.gz,1
3344.nii.gz,1
4257.nii.gz,1
3829.nii.gz,1
3830.nii.gz,1
3453.nii.gz,1
4323.nii.gz,1
4322.nii.gz,1
4282.nii.gz,1
5748.nii.gz,1
5627.nii.gz,1
5626.nii.gz,1
3041.nii.gz,1
3673.nii.gz,1
3008.nii.gz,1
4307.nii.gz,1
5712.nii.gz,1
3215.nii.gz,1
3214.nii.gz,1
3822.nii.gz,1
3821.nii.gz,1
3319.nii.gz,1
5677.nii.gz,1
5676.nii.gz,1
5678.nii.gz,1
4013.nii.gz,1
4014.nii.gz,1
3435.nii.gz,1
4095.nii.gz,1
4096.nii.gz,1
5771.nii.gz,1
3003.nii.gz,1
3966.nii.gz,1
3965.nii.gz,1
4192.nii.gz,1
4193.nii.gz,1
4191.nii.gz,1
2975.nii.gz,1
3969.nii.gz,1
3970.nii.gz,1
5594.nii.gz,1
3931.nii.gz,1
3930.nii.gz,1
3394.nii.gz,1
5592.nii.gz,1
3448.nii.gz,1
2931.nii.gz,1
1780.nii.gz,2
1779.nii.gz,2
2618.nii.gz,2
2120.nii.gz,2
2119.nii.gz,2
2190.nii.gz,2
2191.nii.gz,2
1265.nii.gz,2
2317.nii.gz,2
2318.nii.gz,2
1658.nii.gz,2
1659.nii.gz,2
1320.nii.gz,2
1321.nii.gz,2
2170.nii.gz,2
2171.nii.gz,2
1326.nii.gz,2
1327.nii.gz,2
2237.nii.gz,2
2238.nii.gz,2
2248.nii.gz,2
2247.nii.gz,2
1933.nii.gz,2
1932.nii.gz,2
2419.nii.gz,2
2420.nii.gz,2
1725.nii.gz,2
1726.nii.gz,2
2118.nii.gz,2
2117.nii.gz,2
2515.nii.gz,2
1783.nii.gz,2
1784.nii.gz,2
5489.nii.gz,2
1490.nii.gz,2
1491.nii.gz,2
1955.nii.gz,2
1956.nii.gz,2
1992.nii.gz,2
1991.nii.gz,2
1383.nii.gz,2
1384.nii.gz,2
2726.nii.gz,2
1528.nii.gz,2
1529.nii.gz,2
2674.nii.gz,2
2633.nii.gz,2
2068.nii.gz,2
2069.nii.gz,2
1749.nii.gz,2
1748.nii.gz,2
1175.nii.gz,2
1176.nii.gz,2
1907.nii.gz,2
1906.nii.gz,2
1256.nii.gz,2
1255.nii.gz,2
2279.nii.gz,2
2277.nii.gz,2
5511.nii.gz,2
2610.nii.gz,2
1514.nii.gz,2
1515.nii.gz,2
2081.nii.gz,2
2080.nii.gz,2
2739.nii.gz,2
1340.nii.gz,2
1339.nii.gz,2
2677.nii.gz,2
2670.nii.gz,2
5508.nii.gz,2
1404.nii.gz,2
1403.nii.gz,2
1591.nii.gz,2
1590.nii.gz,2
1484.nii.gz,2
1485.nii.gz,2
1882.nii.gz,2
1881.nii.gz,2
2113.nii.gz,2
2114.nii.gz,2
1378.nii.gz,2
1377.nii.gz,2
2258.nii.gz,2
2257.nii.gz,2
2665.nii.gz,2
1290.nii.gz,2
1289.nii.gz,2
1399.nii.gz,2
1400.nii.gz,2
2572.nii.gz,2
2573.nii.gz,2
5478.nii.gz,2
2264.nii.gz,2
2263.nii.gz,2
1221.nii.gz,2
1222.nii.gz,2
1449.nii.gz,2
1448.nii.gz,2
2495.nii.gz,2
2741.nii.gz,2
1971.nii.gz,2
1972.nii.gz,2
1684.nii.gz,2
1685.nii.gz,2
1880.nii.gz,2
1879.nii.gz,2
1199.nii.gz,2
1198.nii.gz,2
5481.nii.gz,2
5491.nii.gz,2
1538.nii.gz,2
1539.nii.gz,2
2722.nii.gz,2
2181.nii.gz,2
2180.nii.gz,2
5504.nii.gz,2
5509.nii.gz,2
5468.nii.gz,2
1924.nii.gz,2
1925.nii.gz,2
1197.nii.gz,2
1196.nii.gz,2
1894.nii.gz,2
1893.nii.gz,2
1613.nii.gz,2
1614.nii.gz,2
2589.nii.gz,2
2590.nii.gz,2
2588.nii.gz,2
2587.nii.gz,2
1870.nii.gz,2
1869.nii.gz,2
1745.nii.gz,2
1744.nii.gz,2
1680.nii.gz,2
1681.nii.gz,2
1469.nii.gz,2
1468.nii.gz,2
1796.nii.gz,2
1797.nii.gz,2
1793.nii.gz,2
1792.nii.gz,2
1682.nii.gz,2
1683.nii.gz,2
2686.nii.gz,2
2221.nii.gz,2
2220.nii.gz,2
2166.nii.gz,2
2167.nii.gz,2
2242.nii.gz,2
2241.nii.gz,2
2333.nii.gz,2
2332.nii.gz,2
5476.nii.gz,2
2182.nii.gz,2
2183.nii.gz,2
2457.nii.gz,2
1273.nii.gz,2
1272.nii.gz,2
1648.nii.gz,2
1649.nii.gz,2
2186.nii.gz,2
2187.nii.gz,2
1918.nii.gz,2
1919.nii.gz,2
1439.nii.gz,2
1438.nii.gz,2
2378.nii.gz,2
1771.nii.gz,2
1772.nii.gz,2
1205.nii.gz,2
1204.nii.gz,2
1497.nii.gz,2
1496.nii.gz,2
2285.nii.gz,2
2284.nii.gz,2
1527.nii.gz,2
1526.nii.gz,2
2728.nii.gz,2
1730.nii.gz,2
1729.nii.gz,2
1922.nii.gz,2
2140.nii.gz,2
2141.nii.gz,2
2703.nii.gz,2
1355.nii.gz,2
1356.nii.gz,2
2644.nii.gz,2
2185.nii.gz,2
2184.nii.gz,2
2275.nii.gz,2
2276.nii.gz,2
1723.nii.gz,2
1724.nii.gz,2
1647.nii.gz,2
1646.nii.gz,2
2684.nii.gz,2
1604.nii.gz,2
1605.nii.gz,2
1910.nii.gz,2
1911.nii.gz,2
1275.nii.gz,2
1274.nii.gz,2
2501.nii.gz,2
5538.nii.gz,2
2574.nii.gz,2
2575.nii.gz,2
5490.nii.gz,2
2270.nii.gz,2
2269.nii.gz,2
2102.nii.gz,2
2101.nii.gz,2
1868.nii.gz,2
1867.nii.gz,2
1413.nii.gz,2
1412.nii.gz,2
2217.nii.gz,2
2214.nii.gz,2
2215.nii.gz,2
2690.nii.gz,2
2709.nii.gz,2
1645.nii.gz,2
1644.nii.gz,2
1444.nii.gz,2
1445.nii.gz,2
1624.nii.gz,2
1623.nii.gz,2
1735.nii.gz,2
1736.nii.gz,2
1226.nii.gz,2
1225.nii.gz,2
1270.nii.gz,2
1271.nii.gz,2
1958.nii.gz,2
1957.nii.gz,2
1166.nii.gz,2
1167.nii.gz,2
1609.nii.gz,2
1608.nii.gz,2
1463.nii.gz,2
1462.nii.gz,2
1381.nii.gz,2
1382.nii.gz,2
2720.nii.gz,2
1239.nii.gz,2
1240.nii.gz,2
1179.nii.gz,2
1180.nii.gz,2
5487.nii.gz,2
5512.nii.gz,2
2733.nii.gz,2
2591.nii.gz,2
1302.nii.gz,2
1301.nii.gz,2
2530.nii.gz,2
2529.nii.gz,2
2721.nii.gz,2
1308.nii.gz,2
1307.nii.gz,2
1734.nii.gz,2
1733.nii.gz,2
1559.nii.gz,2
1558.nii.gz,2
2146.nii.gz,2
2147.nii.gz,2
2672.nii.gz,2
1930.nii.gz,2
1931.nii.gz,2
2447.nii.gz,2
5507.nii.gz,2
2153.nii.gz,2
2152.nii.gz,2
2082.nii.gz,2
2083.nii.gz,2
1224.nii.gz,2
1223.nii.gz,2
1186.nii.gz,2
1187.nii.gz,2
1755.nii.gz,2
1754.nii.gz,2
5506.nii.gz,2
2716.nii.gz,2
1299.nii.gz,2
1300.nii.gz,2
1410.nii.gz,2
1411.nii.gz,2
2070.nii.gz,2
2071.nii.gz,2
2168.nii.gz,2
2169.nii.gz,2
2671.nii.gz,2
2251.nii.gz,2
2252.nii.gz,2
2480.nii.gz,2
2206.nii.gz,2
2207.nii.gz,2
1812.nii.gz,2
1813.nii.gz,2
1850.nii.gz,2
1849.nii.gz,2
1477.nii.gz,2
1476.nii.gz,2
2202.nii.gz,2
2203.nii.gz,2
2613.nii.gz,2
2614.nii.gz,2
1178.nii.gz,2
1177.nii.gz,2
1620.nii.gz,2
1619.nii.gz,2
2402.nii.gz,2
2401.nii.gz,2
2176.nii.gz,2
2177.nii.gz,2
1766.nii.gz,2
1767.nii.gz,2
1768.nii.gz,2
1364.nii.gz,2
1363.nii.gz,2
1801.nii.gz,2
1800.nii.gz,2
1666.nii.gz,2
1667.nii.gz,2
1702.nii.gz,2
1703.nii.gz,2
2161.nii.gz,2
2160.nii.gz,2
1899.nii.gz,2
1900.nii.gz,2
1737.nii.gz,2
1738.nii.gz,2
2619.nii.gz,2
5503.nii.gz,2
1243.nii.gz,2
1244.nii.gz,2
2172.nii.gz,2
2173.nii.gz,2
2604.nii.gz,2
2680.nii.gz,2
1323.nii.gz,2
1322.nii.gz,2
2273.nii.gz,2
2274.nii.gz,2
2569.nii.gz,2
1781.nii.gz,2
1782.nii.gz,2
1389.nii.gz,2
1390.nii.gz,2
2659.nii.gz,2
2683.nii.gz,2
2299.nii.gz,2
2298.nii.gz,2
2438.nii.gz,2
1612.nii.gz,2
1610.nii.gz,2
1662.nii.gz,2
1663.nii.gz,2
1164.nii.gz,2
1165.nii.gz,2
1712.nii.gz,2
1341.nii.gz,2
1342.nii.gz,2
2245.nii.gz,2
2246.nii.gz,2
1902.nii.gz,2
1903.nii.gz,2
1901.nii.gz,2
1269.nii.gz,2
1268.nii.gz,2
1258.nii.gz,2
1257.nii.gz,2
2708.nii.gz,2
2658.nii.gz,2
2652.nii.gz,2
2253.nii.gz,2
2254.nii.gz,2
1252.nii.gz,2
1251.nii.gz,2
1266.nii.gz,2
1267.nii.gz,2
2311.nii.gz,2
2312.nii.gz,2
2136.nii.gz,2
2137.nii.gz,2
2062.nii.gz,2
2063.nii.gz,2
1293.nii.gz,2
1294.nii.gz,2
1370.nii.gz,2
1369.nii.gz,2
1348.nii.gz,2
1347.nii.gz,2
1739.nii.gz,2
1741.nii.gz,2
1547.nii.gz,2
1546.nii.gz,2
1209.nii.gz,2
1208.nii.gz,2
2209.nii.gz,2
2208.nii.gz,2
2697.nii.gz,2
2702.nii.gz,2
1846.nii.gz,2
1845.nii.gz,2
1774.nii.gz,2
1773.nii.gz,2
2426.nii.gz,2
2647.nii.gz,2
2154.nii.gz,2
2155.nii.gz,2
2218.nii.gz,2
1573.nii.gz,2
1572.nii.gz,2
1407.nii.gz,2
1408.nii.gz,2
5484.nii.gz,2
2512.nii.gz,2
1945.nii.gz,2
1944.nii.gz,2
1212.nii.gz,2
1213.nii.gz,2
2010.nii.gz,2
2009.nii.gz,2
2622.nii.gz,2
1566.nii.gz,2
1567.nii.gz,2
5510.nii.gz,2
1895.nii.gz,2
1896.nii.gz,2
1791.nii.gz,2
1790.nii.gz,2
2386.nii.gz,2
2387.nii.gz,2
2025.nii.gz,2
2026.nii.gz,2
1653.nii.gz,2
1652.nii.gz,2
5472.nii.gz,2
1915.nii.gz,2
1914.nii.gz,2
1923.nii.gz,2
2718.nii.gz,2
1234.nii.gz,2
1233.nii.gz,2
1421.nii.gz,2
1420.nii.gz,2
5534.nii.gz,2
1863.nii.gz,2
1864.nii.gz,2
1960.nii.gz,2
1959.nii.gz,2
2135.nii.gz,2
2134.nii.gz,2
1353.nii.gz,2
1354.nii.gz,2
2383.nii.gz,2
2382.nii.gz,2
2668.nii.gz,2
2645.nii.gz,2
1461.nii.gz,2
1460.nii.gz,2
2331.nii.gz,2
1675.nii.gz,2
1674.nii.gz,2
1983.nii.gz,2
1982.nii.gz,2
2650.nii.gz,2
5467.nii.gz,2
1617.nii.gz,2
1618.nii.gz,2
1171.nii.gz,2
1170.nii.gz,2
2643.nii.gz,2
2265.nii.gz,2
2266.nii.gz,2
2128.nii.gz,2
2127.nii.gz,2
2042.nii.gz,2
2043.nii.gz,2
2486.nii.gz,2
1203.nii.gz,2
1202.nii.gz,2
1643.nii.gz,2
1642.nii.gz,2
1964.nii.gz,2
1963.nii.gz,2
1844.nii.gz,2
1843.nii.gz,2
1254.nii.gz,2
1253.nii.gz,2
1788.nii.gz,2
1789.nii.gz,2
2249.nii.gz,2
2250.nii.gz,2
2531.nii.gz,2
2076.nii.gz,2
2077.nii.gz,2
5505.nii.gz,2
2079.nii.gz,2
2078.nii.gz,2
2234.nii.gz,2
2233.nii.gz,2
1948.nii.gz,2
1949.nii.gz,2
1523.nii.gz,2
1522.nii.gz,2
1429.nii.gz,2
1428.nii.gz,2
1216.nii.gz,2
1218.nii.gz,2
2454.nii.gz,2
2092.nii.gz,2
2091.nii.gz,2
1304.nii.gz,2
1303.nii.gz,2
1554.nii.gz,2
1555.nii.gz,2
2723.nii.gz,2
1579.nii.gz,2
1578.nii.gz,2
2012.nii.gz,2
2011.nii.gz,2
2559.nii.gz,2
5518.nii.gz,2
1391.nii.gz,2
1395.nii.gz,2
1392.nii.gz,2
1393.nii.gz,2
2561.nii.gz,2
2642.nii.gz,2
2513.nii.gz,2
5513.nii.gz,2
2736.nii.gz,2
1332.nii.gz,2
1333.nii.gz,2
1206.nii.gz,2
1207.nii.gz,2
2067.nii.gz,2
2066.nii.gz,2
2019.nii.gz,2
2020.nii.gz,2
2013.nii.gz,2
2014.nii.gz,2
1936.nii.gz,2
1937.nii.gz,2
5495.nii.gz,2
1719.nii.gz,2
1720.nii.gz,2
1215.nii.gz,2
1214.nii.gz,2
1817.nii.gz,2
1816.nii.gz,2
1540.nii.gz,2
1541.nii.gz,2
2060.nii.gz,2
2061.nii.gz,2
1969.nii.gz,2
1970.nii.gz,2
5531.nii.gz,2
2292.nii.gz,2
2293.nii.gz,2
1602.nii.gz,2
1603.nii.gz,2
1263.nii.gz,2
1264.nii.gz,2
1639.nii.gz,2
1638.nii.gz,2
1430.nii.gz,2
1431.nii.gz,2
1776.nii.gz,2
1775.nii.gz,2
1574.nii.gz,2
1575.nii.gz,2
2699.nii.gz,2
2679.nii.gz,2
1935.nii.gz,2
1934.nii.gz,2
2123.nii.gz,2
2124.nii.gz,2
1878.nii.gz,2
1877.nii.gz,2
2175.nii.gz,2
2174.nii.gz,2
1822.nii.gz,2
1823.nii.gz,2
1696.nii.gz,2
1697.nii.gz,2
2235.nii.gz,2
2236.nii.gz,2
1750.nii.gz,2
1751.nii.gz,2
1525.nii.gz,2
1524.nii.gz,2
2346.nii.gz,2
1457.nii.gz,2
1456.nii.gz,2
5474.nii.gz,2
1763.nii.gz,2
1764.nii.gz,2
1968.nii.gz,2
1967.nii.gz,2
2687.nii.gz,2
1661.nii.gz,2
1660.nii.gz,2
2576.nii.gz,2
2390.nii.gz,2
2391.nii.gz,2
1426.nii.gz,2
1427.nii.gz,2
1499.nii.gz,2
1498.nii.gz,2
2685.nii.gz,2
1700.nii.gz,2
1701.nii.gz,2
1232.nii.gz,2
1231.nii.gz,2
1483.nii.gz,2
1482.nii.gz,2
2162.nii.gz,2
2163.nii.gz,2
1988.nii.gz,2
1987.nii.gz,2
1671.nii.gz,2
1670.nii.gz,2
2046.nii.gz,2
2047.nii.gz,2
1808.nii.gz,2
1809.nii.gz,2
1530.nii.gz,2
1531.nii.gz,2
2194.nii.gz,2
2195.nii.gz,2
1699.nii.gz,2
1698.nii.gz,2
1993.nii.gz,2
1994.nii.gz,2
2282.nii.gz,2
2283.nii.gz,2
2213.nii.gz,2
2212.nii.gz,2
1718.nii.gz,2
1717.nii.gz,2
1581.nii.gz,2
1580.nii.gz,2
1452.nii.gz,2
1453.nii.gz,2
2361.nii.gz,2
2363.nii.gz,2
2362.nii.gz,2
2360.nii.gz,2
2297.nii.gz,2
2296.nii.gz,2
1950.nii.gz,2
1434.nii.gz,2
1435.nii.gz,2
1478.nii.gz,2
1479.nii.gz,2
1777.nii.gz,2
1778.nii.gz,2
1839.nii.gz,2
1840.nii.gz,2
1625.nii.gz,2
1626.nii.gz,2
2662.nii.gz,2
2032.nii.gz,2
2033.nii.gz,2
1804.nii.gz,2
2315.nii.gz,2
2316.nii.gz,2
5480.nii.gz,2
1807.nii.gz,2
1806.nii.gz,2
5494.nii.gz,2
1550.nii.gz,2
1551.nii.gz,2
1286.nii.gz,2
1285.nii.gz,2
2681.nii.gz,2
2143.nii.gz,2
2142.nii.gz,2
1310.nii.gz,2
1309.nii.gz,2
2704.nii.gz,2
5533.nii.gz,2
2016.nii.gz,2
2015.nii.gz,2
1769.nii.gz,2
1770.nii.gz,2
1665.nii.gz,2
1664.nii.gz,2
2717.nii.gz,2
2705.nii.gz,2
2673.nii.gz,2
1710.nii.gz,2
1711.nii.gz,2
1568.nii.gz,2
1569.nii.gz,2
1688.nii.gz,2
1689.nii.gz,2
1836.nii.gz,2
1835.nii.gz,2
2678.nii.gz,2
1305.nii.gz,2
1306.nii.gz,2
1512.nii.gz,2
1513.nii.gz,2
1905.nii.gz,2
1904.nii.gz,2
1401.nii.gz,2
1402.nii.gz,2
5482.nii.gz,2
2017.nii.gz,2
2018.nii.gz,2
1437.nii.gz,2
1436.nii.gz,2
2314.nii.gz,2
2313.nii.gz,2
1172.nii.gz,2
1173.nii.gz,2
1350.nii.gz,2
1349.nii.gz,2
2348.nii.gz,2
2347.nii.gz,2
1194.nii.gz,2
1195.nii.gz,2
5515.nii.gz,2
1856.nii.gz,2
1855.nii.gz,2
2738.nii.gz,2
1897.nii.gz,2
1898.nii.gz,2
1508.nii.gz,2
1509.nii.gz,2
2425.nii.gz,2
1533.nii.gz,2
1532.nii.gz,2
1908.nii.gz,2
1909.nii.gz,2
2306.nii.gz,2
2307.nii.gz,2
1952.nii.gz,2
1951.nii.gz,2
5479.nii.gz,2
1543.nii.gz,2
1542.nii.gz,2
2710.nii.gz,2
1606.nii.gz,2
1607.nii.gz,2
2030.nii.gz,2
2029.nii.gz,2
1631.nii.gz,2
1633.nii.gz,2
1632.nii.gz,2
2489.nii.gz,2
2145.nii.gz,2
2144.nii.gz,2
1454.nii.gz,2
1455.nii.gz,2
2706.nii.gz,2
1517.nii.gz,2
1516.nii.gz,2
2150.nii.gz,2
2151.nii.gz,2
1947.nii.gz,2
1946.nii.gz,2
1324.nii.gz,2
1325.nii.gz,2
2514.nii.gz,2
1921.nii.gz,2
1920.nii.gz,2
2267.nii.gz,2
2268.nii.gz,2
2459.nii.gz,2
1495.nii.gz,2
1494.nii.gz,2
2002.nii.gz,2
2001.nii.gz,2
1713.nii.gz,2
1714.nii.gz,2
2074.nii.gz,2
2075.nii.gz,2
2689.nii.gz,2
1695.nii.gz,2
1694.nii.gz,2
2379.nii.gz,2
5492.nii.gz,2
1753.nii.gz,2
1752.nii.gz,2
1549.nii.gz,2
1548.nii.gz,2
1502.nii.gz,2
2682.nii.gz,2
1974.nii.gz,2
1973.nii.gz,2
2724.nii.gz,2
1201.nii.gz,2
1200.nii.gz,2
2518.nii.gz,2
1616.nii.gz,2
1615.nii.gz,2
1851.nii.gz,2
1852.nii.gz,2
5465.nii.gz,2
1318.nii.gz,2
1319.nii.gz,2
1372.nii.gz,2
1371.nii.gz,2
2577.nii.gz,2
1211.nii.gz,2
1210.nii.gz,2
2648.nii.gz,2
1247.nii.gz,2
1248.nii.gz,2
2022.nii.gz,2
2021.nii.gz,2
5493.nii.gz,2
2103.nii.gz,2
2104.nii.gz,2
1821.nii.gz,2
1820.nii.gz,2
1954.nii.gz,2
1953.nii.gz,2
2700.nii.gz,2
5470.nii.gz,2
1405.nii.gz,2
1406.nii.gz,2
2003.nii.gz,2
2004.nii.gz,2
1825.nii.gz,2
1824.nii.gz,2
2712.nii.gz,2
1414.nii.gz,2
1415.nii.gz,2
1912.nii.gz,2
1913.nii.gz,2
2222.nii.gz,2
2223.nii.gz,2
1475.nii.gz,2
1474.nii.gz,2
1668.nii.gz,2
1669.nii.gz,2
2224.nii.gz,2
1811.nii.gz,2
1810.nii.gz,2
1571.nii.gz,2
1570.nii.gz,2
2625.nii.gz,2
2626.nii.gz,2
1227.nii.gz,2
1228.nii.gz,2
2692.nii.gz,2
2325.nii.gz,2
2657.nii.gz,2
1829.nii.gz,2
1828.nii.gz,2
1235.nii.gz,2
1236.nii.gz,2
1450.nii.gz,2
1451.nii.gz,2
1329.nii.gz,2
1328.nii.gz,2
1416.nii.gz,2
1417.nii.gz,2
2109.nii.gz,2
2110.nii.gz,2
1168.nii.gz,2
1169.nii.gz,2
2088.nii.gz,2
2087.nii.gz,2
1433.nii.gz,2
1432.nii.gz,2
1939.nii.gz,2
1938.nii.gz,2
2585.nii.gz,2
2204.nii.gz,2
1442.nii.gz,2
1443.nii.gz,2
1185.nii.gz,2
1184.nii.gz,2
2024.nii.gz,2
2023.nii.gz,2
2198.nii.gz,2
2199.nii.gz,2
1989.nii.gz,2
1990.nii.gz,2
2057.nii.gz,2
2058.nii.gz,2
2056.nii.gz,2
1423.nii.gz,2
1422.nii.gz,2
2607.nii.gz,2
2729.nii.gz,2
1891.nii.gz,2
1892.nii.gz,2
2197.nii.gz,2
2196.nii.gz,2
2711.nii.gz,2
1249.nii.gz,2
1250.nii.gz,2
2106.nii.gz,2
2105.nii.gz,2
1731.nii.gz,2
1732.nii.gz,2
2600.nii.gz,2
1557.nii.gz,2
1556.nii.gz,2
2310.nii.gz,2
2664.nii.gz,2
2693.nii.gz,2
2422.nii.gz,2
2423.nii.gz,2
5475.nii.gz,2
1588.nii.gz,2
1589.nii.gz,2
2039.nii.gz,2
2038.nii.gz,2
1183.nii.gz,2
1181.nii.gz,2
2200.nii.gz,2
2201.nii.gz,2
1814.nii.gz,2
1815.nii.gz,2
5535.nii.gz,2
2725.nii.gz,2
2713.nii.gz,2
1837.nii.gz,2
1838.nii.gz,2
2255.nii.gz,2
2256.nii.gz,2
2698.nii.gz,2
5496.nii.gz,2
2727.nii.gz,2
2719.nii.gz,2
1343.nii.gz,2
1344.nii.gz,2
1368.nii.gz,2
1367.nii.gz,2
2226.nii.gz,2
2225.nii.gz,2
2287.nii.gz,2
2286.nii.gz,2
2583.nii.gz,2
1552.nii.gz,2
1553.nii.gz,2
1708.nii.gz,2
1709.nii.gz,2
1595.nii.gz,2
1594.nii.gz,2
1628.nii.gz,2
1627.nii.gz,2
2737.nii.gz,2
1799.nii.gz,2
1798.nii.gz,2
2732.nii.gz,2
2345.nii.gz,2
1600.nii.gz,2
1601.nii.gz,2
1345.nii.gz,2
1346.nii.gz,2
1190.nii.gz,2
1191.nii.gz,2
2655.nii.gz,2
5469.nii.gz,2
2654.nii.gz,2
1593.nii.gz,2
1592.nii.gz,2
2715.nii.gz,2
1288.nii.gz,2
1287.nii.gz,2
1365.nii.gz,2
1366.nii.gz,2
2281.nii.gz,2
2280.nii.gz,2
2696.nii.gz,2
1193.nii.gz,2
2731.nii.gz,2
2416.nii.gz,2
1297.nii.gz,2
1298.nii.gz,2
1679.nii.gz,2
1678.nii.gz,2
1385.nii.gz,2
1386.nii.gz,2
1862.nii.gz,2
1861.nii.gz,2
2090.nii.gz,2
2089.nii.gz,2
2037.nii.gz,2
2036.nii.gz,2
1481.nii.gz,2
1480.nii.gz,2
1875.nii.gz,2
1876.nii.gz,2
1834.nii.gz,2
1830.nii.gz,2
1832.nii.gz,2
2651.nii.gz,2
5519.nii.gz,2
1886.nii.gz,2
1885.nii.gz,2
1597.nii.gz,2
1596.nii.gz,2
2675.nii.gz,2
2586.nii.gz,2
2044.nii.gz,2
2045.nii.gz,2
1676.nii.gz,2
1677.nii.gz,2
1761.nii.gz,2
1762.nii.gz,2
2384.nii.gz,2
2271.nii.gz,2
2272.nii.gz,2
2649.nii.gz,2
2157.nii.gz,2
2156.nii.gz,2
1690.nii.gz,2
1691.nii.gz,2
1803.nii.gz,2
1802.nii.gz,2
2072.nii.gz,2
2073.nii.gz,2
2112.nii.gz,2
2111.nii.gz,2
2259.nii.gz,2
2260.nii.gz,2
1965.nii.gz,2
1966.nii.gz,2
1472.nii.gz,2
1473.nii.gz,2
1440.nii.gz,2
1441.nii.gz,2
2439.nii.gz,2
1630.nii.gz,2
1629.nii.gz,2
2632.nii.gz,2
5464.nii.gz,2
1673.nii.gz,2
1672.nii.gz,2
2027.nii.gz,2
2028.nii.gz,2
5514.nii.gz,2
2229.nii.gz,2
2230.nii.gz,2
5477.nii.gz,2
2688.nii.gz,2
1230.nii.gz,2
1229.nii.gz,2
1759.nii.gz,2
1760.nii.gz,2
2097.nii.gz,2
2098.nii.gz,2
1504.nii.gz,2
1505.nii.gz,2
2178.nii.gz,2
2179.nii.gz,2
2053.nii.gz,2
2052.nii.gz,2
1637.nii.gz,2
1636.nii.gz,2
2735.nii.gz,2
1189.nii.gz,2
1188.nii.gz,2
1424.nii.gz,2
1425.nii.gz,2
2388.nii.gz,2
2389.nii.gz,2
1458.nii.gz,2
1459.nii.gz,2
2289.nii.gz,2
2288.nii.gz,2
2239.nii.gz,2
2240.nii.gz,2
1641.nii.gz,2
1640.nii.gz,2
1337.nii.gz,2
1338.nii.gz,2
1583.nii.gz,2
1582.nii.gz,2
1998.nii.gz,2
1997.nii.gz,2
1841.nii.gz,2
1842.nii.gz,2
1847.nii.gz,2
1848.nii.gz,2
1291.nii.gz,2
1292.nii.gz,2
5536.nii.gz,2
1418.nii.gz,2
1419.nii.gz,2
2494.nii.gz,2
2464.nii.gz,2
1537.nii.gz,2
1536.nii.gz,2
5516.nii.gz,2
1261.nii.gz,2
1262.nii.gz,2
2381.nii.gz,2
2380.nii.gz,2
1887.nii.gz,2
1888.nii.gz,2
1246.nii.gz,2
1245.nii.gz,2
1238.nii.gz,2
1237.nii.gz,2
1520.nii.gz,2
1521.nii.gz,2
5537.nii.gz,2
5532.nii.gz,2
1873.nii.gz,2
1874.nii.gz,2
2646.nii.gz,2
2740.nii.gz,2
1651.nii.gz,2
1650.nii.gz,2
1396.nii.gz,2
1398.nii.gz,2
1819.nii.gz,2
1818.nii.gz,2
2694.nii.gz,2
1715.nii.gz,2
1716.nii.gz,2
2661.nii.gz,2
2094.nii.gz,2
2093.nii.gz,2
1742.nii.gz,2
1743.nii.gz,2
1598.nii.gz,2
1599.nii.gz,2
2448.nii.gz,2
5485.nii.gz,2
2483.nii.gz,2
2115.nii.gz,2
2116.nii.gz,2
2100.nii.gz,2
2099.nii.gz,2
1276.nii.gz,2
1277.nii.gz,2
2086.nii.gz,2
2084.nii.gz,2
2085.nii.gz,2
2300.nii.gz,2
2301.nii.gz,2
2193.nii.gz,2
2192.nii.gz,2
2211.nii.gz,2
2210.nii.gz,2
1493.nii.gz,2
1492.nii.gz,2
2413.nii.gz,2
2412.nii.gz,2
1693.nii.gz,2
1692.nii.gz,2
2584.nii.gz,2
1866.nii.gz,2
1865.nii.gz,2
2040.nii.gz,2
2041.nii.gz,2
1926.nii.gz,2
1927.nii.gz,2
1747.nii.gz,2
1746.nii.gz,2
2006.nii.gz,2
2005.nii.gz,2
2669.nii.gz,2
5466.nii.gz,2
1507.nii.gz,2
1506.nii.gz,2
2290.nii.gz,2
2291.nii.gz,2
1996.nii.gz,2
1995.nii.gz,2
1387.nii.gz,2
1388.nii.gz,2
2446.nii.gz,2
2129.nii.gz,2
2130.nii.gz,2
5486.nii.gz,2
1447.nii.gz,2
1446.nii.gz,2
1576.nii.gz,2
1577.nii.gz,2
5517.nii.gz,2
1564.nii.gz,2
1565.nii.gz,2
2611.nii.gz,2
1794.nii.gz,2
1795.nii.gz,2
2164.nii.gz,2
2165.nii.gz,2
2049.nii.gz,2
2048.nii.gz,2
1466.nii.gz,2
1467.nii.gz,2
2730.nii.gz,2
5463.nii.gz,2
2302.nii.gz,2
2303.nii.gz,2
2295.nii.gz,2
2294.nii.gz,2
2695.nii.gz,2
1657.nii.gz,2
1656.nii.gz,2
2443.nii.gz,2
5473.nii.gz,2
1721.nii.gz,2
1722.nii.gz,2
2369.nii.gz,2
2055.nii.gz,2
2054.nii.gz,2
1756.nii.gz,2
1758.nii.gz,2
2660.nii.gz,2
1518.nii.gz,2
1519.nii.gz,2
1471.nii.gz,2
1470.nii.gz,2
1219.nii.gz,2
1220.nii.gz,2
1854.nii.gz,2
1853.nii.gz,2
1961.nii.gz,2
1962.nii.gz,2
2656.nii.gz,2
1884.nii.gz,2
1883.nii.gz,2
1380.nii.gz,2
1379.nii.gz,2
2000.nii.gz,2
1999.nii.gz,2
1351.nii.gz,2
1352.nii.gz,2
1860.nii.gz,2
1859.nii.gz,2
2444.nii.gz,2
1916.nii.gz,2
1917.nii.gz,2
1635.nii.gz,2
1634.nii.gz,2
1316.nii.gz,2
1317.nii.gz,2
2528.nii.gz,2
2701.nii.gz,2
1486.nii.gz,2
1487.nii.gz,2
2666.nii.gz,2
2714.nii.gz,2
2653.nii.gz,2
2667.nii.gz,2
1585.nii.gz,2
1584.nii.gz,2
1705.nii.gz,2
1704.nii.gz,2
2095.nii.gz,2
2096.nii.gz,2
1296.nii.gz,2
1295.nii.gz,2
2122.nii.gz,2
2121.nii.gz,2
2707.nii.gz,2
1655.nii.gz,2
1654.nii.gz,2
1563.nii.gz,2
1562.nii.gz,2
1465.nii.gz,2
1464.nii.gz,2
2499.nii.gz,2
1981.nii.gz,2
1980.nii.gz,2
2676.nii.gz,2
2261.nii.gz,2
2262.nii.gz,2
2007.nii.gz,2
2008.nii.gz,2
2493.nii.gz,2
1260.nii.gz,2
1259.nii.gz,2
5483.nii.gz,2
2125.nii.gz,2
2126.nii.gz,2
1409.nii.gz,2
1510.nii.gz,2
1511.nii.gz,2
2138.nii.gz,2
2139.nii.gz,2
1374.nii.gz,2
1373.nii.gz,2
1331.nii.gz,2
1330.nii.gz,2
2320.nii.gz,2
2319.nii.gz,2
2596.nii.gz,2
1889.nii.gz,2
1890.nii.gz,2
1545.nii.gz,2
1544.nii.gz,2
1535.nii.gz,2
1534.nii.gz,2
1707.nii.gz,2
1706.nii.gz,2
1587.nii.gz,2
1586.nii.gz,2
2107.nii.gz,2
2108.nii.gz,2
1941.nii.gz,2
1940.nii.gz,2
2663.nii.gz,2
2035.nii.gz,2
2034.nii.gz,2
1687.nii.gz,2
1686.nii.gz,2
1979.nii.gz,2
1975.nii.gz,2
1976.nii.gz,2
1977.nii.gz,2
2059.nii.gz,2
2308.nii.gz,2
2309.nii.gz,2
2244.nii.gz,2
2243.nii.gz,2
1375.nii.gz,2
1376.nii.gz,2
2051.nii.gz,2
2050.nii.gz,2
5488.nii.gz,2
2324.nii.gz,2
2323.nii.gz,2
1488.nii.gz,2
1489.nii.gz,2
1500.nii.gz,2
1501.nii.gz,2
2437.nii.gz,2
2612.nii.gz,2
2232.nii.gz,2
2231.nii.gz,2
1281.nii.gz,2
1282.nii.gz,2
2188.nii.gz,2
2189.nii.gz,2
5471.nii.gz,2
2131.nii.gz,2
2133.nii.gz,2
1787.nii.gz,2
1785.nii.gz,2
1826.nii.gz,2
1827.nii.gz,2
1560.nii.gz,2
1561.nii.gz,2
2304.nii.gz,2
2305.nii.gz,2
5539.nii.gz,2
1872.nii.gz,2
1871.nii.gz,2
1242.nii.gz,2
1241.nii.gz,2
1311.nii.gz,2
1313.nii.gz,2
1312.nii.gz,2
1315.nii.gz,2
1858.nii.gz,2
1857.nii.gz,2
1928.nii.gz,2
1929.nii.gz,2
2149.nii.gz,2
2148.nii.gz,2
1284.nii.gz,2
1283.nii.gz,2
1279.nii.gz,2
1278.nii.gz,2
1280.nii.gz,2
1942.nii.gz,2
1943.nii.gz,2
2158.nii.gz,2
2159.nii.gz,2
2228.nii.gz,2
2227.nii.gz,2
2321.nii.gz,2
2322.nii.gz,2
2065.nii.gz,2
2064.nii.gz,2
1986.nii.gz,2
1984.nii.gz,2
